NA1_4572581312,,,,,0
NA1_4571773529,,,,0,NA1_4578638676
NA1_4570908956,,,,1,NA1_4578634805
NA1_4570002057,,,,2,NA1_4578520034
NA1_4569691268,,,,3,NA1_4578494001
NA1_4569670450,,,,4,NA1_4578470502
NA1_4569661896,,,,5,NA1_4578451937
NA1_4569630603,,,,6,NA1_4578296218
NA1_4567934627,,,,7,NA1_4578278558
NA1_4567910700,,,,8,NA1_4576715892
NA1_4567868528,,,,9,NA1_4576701858
NA1_4567110111,,,,10,NA1_4576686144
NA1_4567085774,,,,11,NA1_4576604397
NA1_4566156083,,,,12,NA1_4576595405
NA1_4566135298,,,,13,NA1_4575715754
NA1_4566105693,,,,14,NA1_4575706754
NA1_4565168689,,,,15,NA1_4575689367
NA1_4565016382,,,,16,NA1_4573983019
NA1_4564981724,,,,17,NA1_4573479314
NA1_4564398264,,,,18,NA1_4573450701
NA1_4564380558,,,,19,NA1_4573316149
NA1_4564012063,,,,20,NA1_4572510431
NA1_4563944944,,,,21,NA1_4572492328
NA1_4563442598,,,,22,NA1_4572464696
NA1_4562309038,,,,23,NA1_4572440468
NA1_4562287197,,,,24,NA1_4572412490
NA1_4561443079,,,,25,NA1_4572380053
NA1_4561436845,,,,26,NA1_4571648271
NA1_4561420060,,,,27,NA1_4571628245
NA1_4561283171,,,,28,NA1_4571609510
NA1_4561251930,,,,29,NA1_4571595185
NA1_4560422442,,,,30,NA1_4569951682
NA1_4560402609,,,,31,NA1_4569937819
NA1_4560203819,,,,32,NA1_4566044144
NA1_4560176301,,,,33,NA1_4566017743
NA1_4560112759,,,,34,NA1_4565191266
NA1_4559482976,,,,35,NA1_4564220849
NA1_4559465866,,,,36,NA1_4564168112
NA1_4559434242,,,,37,NA1_4564123627
NA1_4559416091,,,,38,NA1_4563809031
NA1_4559244470,,,,39,NA1_4560238465
NA1_4559223730,,,,40,NA1_4560124269
NA1_4558521193,,,,41,NA1_4559368895
NA1_4558496517,,,,42,NA1_4559342145
NA1_4558479897,,,,43,NA1_4559320909
NA1_4558449585,,,,44,NA1_4559289144
NA1_4557573826,,,,45,NA1_4559260750
NA1_4557260840,,,,46,NA1_4558407457
NA1_4557222537,,,,47,NA1_4558387779
NA1_4557198262,,,,48,NA1_4558345571
NA1_4557176082,,,,49,NA1_4558325953
NA1_4555568515,,,,50,NA1_4558256950
NA1_4555535375,,,,51,NA1_4556932032
NA1_4555509339,,,,52,NA1_4555046518
NA1_4554536785,,,,53,NA1_4554243729
NA1_4554507966,,,,54,NA1_4554216892
NA1_4554202126,,,,55,NA1_4554187234
NA1_4554177786,,,,56,NA1_4553290576
NA1_4554143697,,,,57,NA1_4553271098
NA1_4553229417,,,,58,NA1_4552416436
NA1_4553207084,,,,59,NA1_4552344471
NA1_4553166568,,,,60,NA1_4552304382
NA1_4553145597,,,,61,NA1_4551339501
NA1_4545003295,,,,62,NA1_4551312121
NA1_4543555796,,,,63,NA1_4550915484
NA1_4538835768,,,,64,NA1_4550903483
NA1_4536790238,,,,65,NA1_4550559959
NA1_4531326325,,,,66,NA1_4550540838
NA1_4531294723,,,,67,NA1_4550510359
NA1_4531219210,,,,68,NA1_4546081303
NA1_4531196461,,,,69,NA1_4546057789
NA1_4531180339,,,,70,NA1_4544184919
NA1_4531150669,,,,71,NA1_4544150757
NA1_4531127390,,,,72,NA1_4540482030
NA1_4529385077,,,,73,NA1_4540418343
NA1_4529340418,,,,74,NA1_4540345556
NA1_4529235468,,,,75,NA1_4540337906
NA1_4529233242,,,,76,NA1_4539664367
NA1_4529207314,,,,77,NA1_4539614206
NA1_4529194161,,,,78,NA1_4538750016
NA1_4529168583,,,,79,NA1_4538716107
NA1_4529155248,,,,80,NA1_4537831652
NA1_4527783114,,,,81,NA1_4537822040
NA1_4527769892,,,,82,NA1_4537800080
NA1_4527744171,,,,83,NA1_4537775184
NA1_4527729766,,,,84,NA1_4537745943
NA1_4527711777,,,,85,NA1_4537545982
NA1_4525864812,,,,86,NA1_4537498657
NA1_4524598877,,,,87,NA1_4537499857
NA1_4524445880,,,,88,NA1_4529979446
NA1_4524404960,,,,89,NA1_4529958529
NA1_4521180873,,,,90,NA1_4529385077
NA1_4521149697,,,,91,NA1_4529340418
NA1_4517491148,,,,92,NA1_4529333046
NA1_4517475423,,,,93,NA1_4529312158
NA1_4515091799,,,,94,NA1_4529287698
NA1_4515060857,,,,95,NA1_4529277903
NA1_4514101513,,,,96,NA1_4527997870
NA1_4514078346,,,,97,NA1_4527981504
NA1_4514054583,,,,98,NA1_4525636703
NA1_4508599352,,,,99,NA1_4525610465
NA1_4508573495,,,,100,NA1_4525389742
NA1_4505681433,,,,101,NA1_4525368929
NA1_4504691280,,,,102,NA1_4525357166
NA1_4501230381,,,,103,NA1_4525346970
NA1_4501223942,,,,104,NA1_4525329428
NA1_4501208914,,,,105,NA1_4525312757
NA1_4500952377,,,,106,NA1_4524873559
NA1_4500951762,,,,107,NA1_4524856155
NA1_4500932607,,,,108,NA1_4524713886
NA1_4500928324,,,,109,NA1_4523875027
NA1_4500908690,,,,110,NA1_4523829670
NA1_4500897294,,,,111,NA1_4523799551
NA1_4500887280,,,,112,NA1_4523753331
NA1_4500057923,,,,113,NA1_4523702206
NA1_4499283177,,,,114,NA1_4523685075
NA1_4498468218,,,,115,NA1_4523664595
NA1_4498362707,,,,116,NA1_4523010231
NA1_4497483102,,,,117,NA1_4522981895
NA1_4497454548,,,,118,NA1_4522944698
NA1_4495579965,,,,119,NA1_4522875828
NA1_4494846428,,,,120,NA1_4522818327
NA1_4494833027,,,,121,NA1_4522796395
NA1_4494725550,,,,122,NA1_4520106475
NA1_4494696656,,,,123,NA1_4519942749
NA1_4494676405,,,,124,NA1_4519916168
NA1_4494660834,,,,125,NA1_4519133858
NA1_4494622328,,,,126,NA1_4519092716
NA1_4485707493,,,,127,NA1_4519065632
NA1_4485692752,,,,128,NA1_4517271097
NA1_4485663313,,,,129,NA1_4517189399
NA1_4483666235,,,,130,NA1_4517161738
NA1_4482579543,,,,131,NA1_4516312365
NA1_4482565186,,,,132,NA1_4516214140
NA1_4481522936,,,,133,NA1_4516177944
NA1_4481494796,,,,134,NA1_4511048647
NA1_4480819038,,,,135,NA1_4510355937
NA1_4480070496,,,,136,NA1_4510328079
NA1_4479969224,,,,137,NA1_4510100400
NA1_4470595282,,,,138,NA1_4509537070
NA1_4468050328,,,,139,NA1_4509460174
NA1_4464182304,,,,140,NA1_4509442254
NA1_4464068410,,,,141,NA1_4509325156
NA1_4464055076,,,,142,NA1_4509309905
NA1_4463406362,,,,143,NA1_4509296186
NA1_4463326812,,,,144,NA1_4507747341
NA1_4463304467,,,,145,NA1_4507723532
NA1_4462167975,,,,146,NA1_4507700608
NA1_4462191794,,,,147,NA1_4506970118
NA1_4461508366,,,,148,NA1_4506934555
NA1_4460607481,,,,149,NA1_4506926305
NA1_4454538170,,,,150,NA1_4506901390
NA1_4450603423,,,,151,NA1_4506884417
NA1_4449845521,,,,152,NA1_4506044565
NA1_4447992071,,,,153,NA1_4506030383
NA1_4447885280,,,,154,NA1_4505562944
NA1_4445058935,,,,155,NA1_4505536058
NA1_4445094868,,,,156,NA1_4505502838
NA1_4445052524,,,,157,NA1_4505462707
NA1_4445019026,,,,158,NA1_4504749444
NA1_4442302786,,,,159,NA1_4504727000
NA1_4441983639,,,,160,NA1_4504700461
NA1_4441928515,,,,161,NA1_4504553391
NA1_4430117935,,,,162,NA1_4504538641
NA1_4430065557,,,,163,NA1_4504510550
NA1_4430071175,,,,164,NA1_4504502109
NA1_4430036786,,,,165,NA1_4501483652
NA1_4408761658,,,,166,NA1_4500666123
NA1_4407634253,,,,167,NA1_4500659736
NA1_4400762016,,,,168,NA1_4500633837
NA1_4396021538,,,,169,NA1_4500605009
NA1_4386771557,,,,170,NA1_4499981562
NA1_4381559784,,,,171,NA1_4499955096
NA1_4380562996,,,,172,NA1_4499936048
NA1_4375186256,,,,173,NA1_4499878533
NA1_4375194187,,,,174,NA1_4499836181
NA1_4372941170,,,,175,NA1_4499046472
NA1_4372869474,,,,176,NA1_4499030122
NA1_4372845056,,,,177,NA1_4499007051
NA1_4372881018,,,,178,NA1_4498989109
NA1_4371717973,,,,179,NA1_4497350123
NA1_4371695336,,,,180,NA1_4497326034
NA1_4367534097,,,,181,NA1_4497261883
NA1_4367520119,,,,182,NA1_4496513759
NA1_4367425876,,,,183,NA1_4496336650
NA1_4357731272,,,,184,NA1_4496328821
NA1_4356752071,,,,185,NA1_4494725550
NA1_4355881346,,,,186,NA1_4494696656
NA1_4350652424,,,,187,NA1_4494676405
NA1_4346216116,,,,188,NA1_4494660834
NA1_4312877848,,,,189,NA1_4494622328
NA1_4311695623,,,,190,NA1_4494599574
NA1_4304882574,,,,191,NA1_4494530214
NA1_4298746137,,,,192,NA1_4493654159
NA1_4297928686,,,,193,NA1_4493634169
NA1_4296131442,,,,194,NA1_4493611147
NA1_4291973724,,,,195,NA1_4493577247
NA1_4288903913,,,,196,NA1_4493551430
NA1_4288912175,,,,197,NA1_4493501680
NA1_4283835369,,,,198,NA1_4492700038
NA1_4281980317,,,,199,NA1_4492673249
NA1_4277693456,,,,200,NA1_4491110226
NA1_4274858978,,,,201,NA1_4490988734
NA1_4259512457,,,,202,NA1_4489089105
NA1_4257451611,,,,203,NA1_4489054201
NA1_4249257288,,,,204,NA1_4489030057
NA1_4247454197,,,,205,NA1_4489024970
NA1_4236975138,,,,206,NA1_4488167718
NA1_4221306533,,,,207,NA1_4488150111
NA1_4221264202,,,,208,NA1_4488125685
NA1_4216636867,,,,209,NA1_4488025809
NA1_4216652465,,,,210,NA1_4488002086
NA1_4216621675,,,,211,NA1_4487849963
NA1_4216569026,,,,212,NA1_4487830697
NA1_4216076641,,,,213,NA1_4487368790
NA1_4215523892,,,,214,NA1_4487327018
NA1_4215448471,,,,215,NA1_4487150005
NA1_4215160250,,,,216,NA1_4487124484
NA1_4215081258,,,,217,NA1_4487114205
NA1_4215015685,,,,218,NA1_4487106830
NA1_4214983055,,,,219,NA1_4486603189
NA1_4214849721,,,,220,NA1_4486573998
NA1_4214874010,,,,221,NA1_4486528532
NA1_4212895256,,,,222,NA1_4486495272
NA1_4212911990,,,,223,NA1_4486460792
NA1_4211545256,,,,224,NA1_4486414914
NA1_4211509797,,,,225,NA1_4486382470
NA1_4209177034,,,,226,NA1_4484330687
NA1_4209180213,,,,227,NA1_4484318870
NA1_4209112362,,,,228,NA1_4484185166
NA1_4208978346,,,,229,NA1_4484168821
NA1_4208954504,,,,230,NA1_4484126717
NA1_4207107378,,,,231,NA1_4484112108
NA1_4207112630,,,,232,NA1_4484094033
NA1_4207081334,,,,233,NA1_4481522936
NA1_4205805752,,,,234,NA1_4481494796
NA1_4205823013,,,,235,NA1_4481474135
NA1_4205688257,,,,236,NA1_4481379817
NA1_4205212767,,,,237,NA1_4481357225
NA1_4205087048,,,,238,NA1_4480696297
NA1_4205072388,,,,239,NA1_4480684420
NA1_4204855846,,,,240,NA1_4480658252
NA1_4204820103,,,,241,NA1_4480621273
NA1_4204803251,,,,242,NA1_4480567755
NA1_4202893784,,,,243,NA1_4479914661
NA1_4202848830,,,,244,NA1_4479931527
NA1_4202383315,,,,245,NA1_4479894864
NA1_4202318815,,,,246,NA1_4479854295
NA1_4202264791,,,,247,NA1_4479781345
NA1_4202199553,,,,248,NA1_4479747232
NA1_4202192460,,,,249,NA1_4477354146
NA1_4202117596,,,,250,NA1_4477300600
NA1_4202045705,,,,251,NA1_4477275766
NA1_4189466543,,,,252,NA1_4477019788
NA1_4183638174,,,,253,NA1_4476977752
NA1_4182630146,,,,254,NA1_4476546425
NA1_4182547021,,,,255,NA1_4476552260
NA1_4180694200,,,,256,NA1_4476383566
NA1_4179996948,,,,257,NA1_4476325440
NA1_4179209429,,,,258,NA1_4476373014
NA1_4176987637,,,,259,NA1_4476340936
NA1_4176965412,,,,260,NA1_4476200201
NA1_4176972200,,,,261,NA1_4475864950
NA1_4176915036,,,,262,NA1_4475805450
NA1_4176901644,,,,263,NA1_4475768809
NA1_4168627931,,,,264,NA1_4475734776
NA1_4165150077,,,,265,NA1_4475761411
NA1_4165116565,,,,266,NA1_4475651455
NA1_4165067897,,,,267,NA1_4475549684
NA1_4160842538,,,,268,NA1_4474719241
NA1_4158909101,,,,269,NA1_4473870442
NA1_4150690883,,,,270,NA1_4473853292
NA1_4150654210,,,,271,NA1_4473830728
NA1_4150586760,,,,272,NA1_4473668440
NA1_4150563517,,,,273,NA1_4473636945
NA1_4150541175,,,,274,NA1_4473506712
NA1_4150474439,,,,275,NA1_4473543689
NA1_4143941957,,,,276,NA1_4473140565
NA1_4143909878,,,,277,NA1_4473085979
NA1_4143876186,,,,278,NA1_4473092693
NA1_4143903209,,,,279,NA1_4473078066
NA1_4143710464,,,,280,NA1_4472323622
NA1_4143656262,,,,281,NA1_4472187533
NA1_4143650390,,,,282,NA1_4472150402
NA1_4143303548,,,,283,NA1_4471929644
NA1_4143208993,,,,284,NA1_4471995100
NA1_4143204952,,,,285,NA1_4472001425
NA1_4142157543,,,,286,NA1_4470455267
NA1_4141581266,,,,287,NA1_4470441073
NA1_4130713064,,,,288,NA1_4470377727
NA1_4122674976,,,,289,NA1_4470354221
NA1_4122652743,,,,290,NA1_4470340570
NA1_4122522497,,,,291,NA1_4469570397
NA1_4122459158,,,,292,NA1_4469557621
NA1_4121358664,,,,293,NA1_4468587971
NA1_4121298407,,,,294,NA1_4468565905
NA1_4121334887,,,,295,NA1_4468559831
NA1_4120232790,,,,296,NA1_4468544296
NA1_4119968434,,,,297,NA1_4468418890
NA1_4119975419,,,,298,NA1_4468435528
NA1_4118951712,,,,299,NA1_4467772301
NA1_4118871469,,,,300,NA1_4467699373
NA1_4118788287,,,,301,NA1_4467605128
NA1_4118786431,,,,302,NA1_4467640611
NA1_4118763795,,,,303,NA1_4467156114
NA1_4117063964,,,,304,NA1_4467151525
NA1_4106346123,,,,305,NA1_4464182304
NA1_4105507843,,,,306,NA1_4464087318
NA1_4105506171,,,,307,NA1_4464083783
NA1_4105503897,,,,308,NA1_4463994194
NA1_4095611505,,,,309,NA1_4464010768
NA1_4083846011,,,,310,NA1_4463937580
NA1_4083882886,,,,311,NA1_4463954581
NA1_4083742968,,,,312,NA1_4463424196
NA1_4082872054,,,,313,NA1_4463460962
NA1_4078217075,,,,314,NA1_4462167975
NA1_4077405029,,,,315,NA1_4462191794
NA1_4073475690,,,,316,NA1_4462126218
NA1_4063273768,,,,317,NA1_4462103221
NA1_4061309453,,,,318,NA1_4462075219
NA1_4061330153,,,,319,NA1_4462022934
NA1_4060942549,,,,320,NA1_4461243178
NA1_4060350229,,,,321,NA1_4461227232
NA1_4060296734,,,,322,NA1_4459560801
NA1_4060311257,,,,323,NA1_4459532964
NA1_4059242960,,,,324,NA1_4459539746
NA1_4059241307,,,,325,NA1_4459473912
NA1_4059236774,,,,326,NA1_4459441834
NA1_4058016288,,,,327,NA1_4459047082
NA1_4057984110,,,,328,NA1_4459034138
NA1_4057959231,,,,329,NA1_4459060803
NA1_4056389222,,,,330,NA1_4458179807
NA1_4056295279,,,,331,NA1_4458122614
NA1_4056272395,,,,332,NA1_4458009408
NA1_4054558458,,,,333,NA1_4456378235
NA1_4054614013,,,,334,NA1_4456395480
NA1_4052387777,,,,335,NA1_4456363704
NA1_4052355044,,,,336,NA1_4456329195
NA1_4052332454,,,,337,NA1_4455446365
NA1_4052318897,,,,338,NA1_4455452996
NA1_4052277180,,,,339,NA1_4455410390
NA1_4050738546,,,,340,NA1_4455346751
NA1_4043693384,,,,341,NA1_4455325148
NA1_4043464938,,,,342,NA1_4455302556
NA1_4043389646,,,,343,NA1_4455210706
NA1_4035216198,,,,344,NA1_4455129182
NA1_4035232216,,,,345,NA1_4455126968
NA1_4027308720,,,,346,NA1_4454846804
NA1_4026242466,,,,347,NA1_4454826227
NA1_4025252640,,,,348,NA1_4454454962
NA1_4025218630,,,,349,NA1_4454471930
NA1_4024067383,,,,350,NA1_4453502947
NA1_4023630966,,,,351,NA1_4453492406
NA1_4021827758,,,,352,NA1_4453411265
NA1_4021853486,,,,353,NA1_4453367290
NA1_4021539783,,,,354,NA1_4453231279
NA1_4021208699,,,,355,NA1_4453196875
NA1_4021225328,,,,356,NA1_4453165516
NA1_4021106127,,,,357,NA1_4453143137
NA1_4021120781,,,,358,NA1_4451302477
NA1_4020578350,,,,359,NA1_4451095061
NA1_4020623804,,,,360,NA1_4451111079
NA1_4019876341,,,,361,NA1_4450280472
NA1_4019667090,,,,362,NA1_4450224018
NA1_4015400745,,,,363,NA1_4450209503
NA1_4015259539,,,,364,NA1_4449783330
NA1_4015256733,,,,365,NA1_4448769350
NA1_4014657113,,,,366,NA1_4448593412
NA1_4014605407,,,,367,NA1_4448518153
NA1_4014631159,,,,368,NA1_4447736783
NA1_4014453207,,,,369,NA1_4446932288
NA1_4014366929,,,,370,NA1_4446858733
NA1_4014373161,,,,371,NA1_4444124006
NA1_4004703092,,,,372,NA1_4444038783
NA1_4003693071,,,,373,NA1_4443292868
NA1_3993567666,,,,374,NA1_4443189078
NA1_3983400025,,,,375,NA1_4443193328
NA1_3981764339,,,,376,NA1_4443178450
NA1_3980196340,,,,377,NA1_4441147730
NA1_3980203385,,,,378,NA1_4441105742
NA1_3979583214,,,,379,NA1_4441068314
NA1_3979569782,,,,380,NA1_4440342590
NA1_3979544630,,,,381,NA1_4440316064
NA1_3979532381,,,,382,NA1_4440223278
NA1_3978101531,,,,383,NA1_4440196194
NA1_3978029505,,,,384,NA1_4439281535
NA1_3976539242,,,,385,NA1_4439178837
NA1_3976478290,,,,386,NA1_4438973770
NA1_3976513376,,,,387,NA1_4437911051
NA1_3976489800,,,,388,NA1_4437829327
NA1_3975048554,,,,389,NA1_4436176314
NA1_3975024909,,,,390,NA1_4436153211
NA1_3974381833,,,,391,NA1_4436107429
NA1_3974351410,,,,392,NA1_4435454339
NA1_3973989784,,,,393,NA1_4434778648
NA1_3973907615,,,,394,NA1_4433065955
NA1_3973886581,,,,395,NA1_4433071374
NA1_3973499863,,,,396,NA1_4432007741
NA1_3973373911,,,,397,NA1_4432023598
NA1_3973371100,,,,398,NA1_4432000821
NA1_3973286881,,,,399,NA1_4431936179
NA1_3971902930,,,,400,NA1_4431952451
NA1_3971900426,,,,401,NA1_4431909333
NA1_3971817218,,,,402,NA1_4430117935
NA1_3970972619,,,,403,NA1_4430065557
NA1_3970929152,,,,404,NA1_4430071175
NA1_3970781541,,,,405,NA1_4430036786
NA1_3966513337,,,,406,NA1_4430022410
NA1_3966449218,,,,407,NA1_4429959147
NA1_3966451085,,,,408,NA1_4429975559
NA1_3965347642,,,,409,NA1_4429082830
NA1_3965302860,,,,410,NA1_4428931133
NA1_3965281167,,,,411,NA1_4428858928
NA1_3964181304,,,,412,NA1_4428403419
NA1_3964100685,,,,413,NA1_4428389534
NA1_3963617026,,,,414,NA1_4428396326
NA1_3963622359,,,,415,NA1_4426881210
NA1_3963558697,,,,416,NA1_4426828627
NA1_3960971924,,,,417,NA1_4426683059
NA1_3960868647,,,,418,NA1_4426414749
NA1_3960753712,,,,419,NA1_4426160060
NA1_3960692104,,,,420,NA1_4426106342
NA1_3960709804,,,,421,NA1_4425478018
NA1_3956709397,,,,422,NA1_4425464916
NA1_3956689496,,,,423,NA1_4425332668
NA1_3956686952,,,,424,NA1_4425212883
NA1_3956642617,,,,425,NA1_4425181048
NA1_3956598973,,,,426,NA1_4423358990
NA1_3956395483,,,,427,NA1_4423208803
NA1_3956403236,,,,428,NA1_4423194536
NA1_3954498378,,,,429,NA1_4422616240
NA1_3954480127,,,,430,NA1_4422612581
NA1_3952283764,,,,431,NA1_4422509284
NA1_3952280057,,,,432,NA1_4421481345
NA1_3952247415,,,,433,NA1_4420764784
NA1_3952209655,,,,434,NA1_4420722073
NA1_3946795528,,,,435,NA1_4420716231
NA1_3946811213,,,,436,NA1_4420701033
,,,,437,NA1_4420603066
,,,,438,NA1_4420597340
,,,,439,NA1_4419576367
,,,,440,NA1_4419571447
,,,,441,NA1_4419518068
,,,,442,NA1_4419524951
,,,,443,NA1_4416498301
,,,,444,NA1_4416475058
,,,,445,NA1_4415625134
,,,,446,NA1_4415612107
,,,,447,NA1_4414464324
,,,,448,NA1_4414460981
,,,,449,NA1_4414298269
,,,,450,NA1_4414275838
,,,,451,NA1_4413452882
,,,,452,NA1_4413399357
,,,,453,NA1_4413395135
,,,,454,NA1_4411355190
,,,,455,NA1_4411389924
,,,,456,NA1_4411336310
,,,,457,NA1_4410449115
,,,,458,NA1_4410493238
,,,,459,NA1_4410396942
,,,,460,NA1_4407399666
,,,,461,NA1_4407356929
,,,,462,NA1_4406554353
,,,,463,NA1_4405666976
,,,,464,NA1_4405632899
,,,,465,NA1_4400472039
,,,,466,NA1_4400447448
,,,,467,NA1_4399715251
,,,,468,NA1_4395622413
,,,,469,NA1_4395508254
,,,,470,NA1_4393653941
,,,,471,NA1_4392887381
,,,,472,NA1_4392883686
,,,,473,NA1_4391619338
,,,,474,NA1_4391577691
,,,,475,NA1_4391611756
,,,,476,NA1_4391546826
,,,,477,NA1_4389810442
,,,,478,NA1_4389556459
,,,,479,NA1_4388634347
,,,,480,NA1_4388557087
,,,,481,NA1_4386534088
,,,,482,NA1_4386493115
,,,,483,NA1_4385587965
,,,,484,NA1_4385613623
,,,,485,NA1_4384425809
,,,,486,NA1_4384421022
,,,,487,NA1_4384395536
,,,,488,NA1_4381318781
,,,,489,NA1_4381286395
,,,,490,NA1_4381273120
,,,,491,NA1_4381247659
,,,,492,NA1_4381212664
,,,,493,NA1_4379055184
,,,,494,NA1_4379042130
,,,,495,NA1_4378115356
,,,,496,NA1_4378109951
,,,,497,NA1_4378027265
,,,,498,NA1_4378051285
,,,,499,NA1_4377171457
,,,,500,NA1_4376898595
,,,,501,NA1_4376856590
,,,,502,NA1_4376931387
,,,,503,NA1_4376597126
,,,,504,NA1_4373609092
,,,,505,NA1_4370285575
,,,,506,NA1_4370252958
,,,,507,NA1_4369318659
,,,,508,NA1_4369353081
,,,,509,NA1_4369340148
,,,,510,NA1_4367534097
,,,,511,NA1_4367520119
,,,,512,NA1_4367425876
,,,,513,NA1_4367450724
,,,,514,NA1_4367332945
,,,,515,NA1_4365505189
,,,,516,NA1_4365501635
,,,,517,NA1_4364610077
,,,,518,NA1_4364555951
,,,,519,NA1_4364560216
,,,,520,NA1_4364159972
,,,,521,NA1_4363934461
,,,,522,NA1_4363941768
,,,,523,NA1_4363540831
,,,,524,NA1_4363453422
,,,,525,NA1_4363420943
,,,,526,NA1_4362488862
,,,,527,NA1_4362474459
,,,,528,NA1_4362449133
,,,,529,NA1_4361418362
,,,,530,NA1_4361376820
,,,,531,NA1_4361366097
,,,,532,NA1_4361353015
,,,,533,NA1_4354487483
,,,,534,NA1_4354522607
,,,,535,NA1_4352537841
,,,,536,NA1_4352541636
,,,,537,NA1_4352425795
,,,,538,NA1_4352372975
,,,,539,NA1_4350532760
,,,,540,NA1_4350518022
,,,,541,NA1_4350315521
,,,,542,NA1_4348328283
,,,,543,NA1_4348295292
,,,,544,NA1_4348155588
,,,,545,NA1_4346017737
,,,,546,NA1_4346013681
,,,,547,NA1_4345959584
,,,,548,NA1_4345917698
,,,,549,NA1_4345903585
,,,,550,NA1_4345033891
,,,,551,NA1_4345020407
,,,,552,NA1_4344977623
,,,,553,NA1_4344963624
,,,,554,NA1_4344918737
,,,,555,NA1_4344765326
,,,,556,NA1_4344739074
,,,,557,NA1_4342801293
,,,,558,NA1_4342739570
,,,,559,NA1_4342762837
,,,,560,NA1_4342759770
,,,,561,NA1_4342726016
,,,,562,NA1_4342005329
,,,,563,NA1_4341980991
,,,,564,NA1_4341935176
,,,,565,NA1_4339205498
,,,,566,NA1_4339201710
,,,,567,NA1_4339107754
,,,,568,NA1_4339121198
,,,,569,NA1_4339067419
,,,,570,NA1_4338967722
,,,,571,NA1_4338935432
,,,,572,NA1_4338075287
,,,,573,NA1_4338070907
,,,,574,NA1_4338015417
,,,,575,NA1_4337996471
,,,,576,NA1_4337962904
,,,,577,NA1_4336528670
,,,,578,NA1_4336503946
,,,,579,NA1_4336459588
,,,,580,NA1_4336454778
,,,,581,NA1_4336311109
,,,,582,NA1_4336256706
,,,,583,NA1_4335400750
,,,,584,NA1_4335365061
,,,,585,NA1_4334072819
,,,,586,NA1_4334028938
,,,,587,NA1_4334025608
,,,,588,NA1_4333981876
,,,,589,NA1_4333860848
,,,,590,NA1_4333417039
,,,,591,NA1_4333395296
,,,,592,NA1_4332885274
,,,,593,NA1_4332869987
,,,,594,NA1_4332824742
,,,,595,NA1_4332792149
,,,,596,NA1_4332759076
,,,,597,NA1_4331908931
,,,,598,NA1_4331943819
,,,,599,NA1_4331891704
,,,,600,NA1_4331848068
,,,,601,NA1_4331873967
,,,,602,NA1_4331840339
,,,,603,NA1_4330943620
,,,,604,NA1_4330919706
,,,,605,NA1_4330829300
,,,,606,NA1_4330773767
,,,,607,NA1_4330770604
,,,,608,NA1_4330707382
,,,,609,NA1_4330704060
,,,,610,NA1_4330155579
,,,,611,NA1_4330184328
,,,,612,NA1_4330182565
,,,,613,NA1_4329732062
,,,,614,NA1_4329678061
,,,,615,NA1_4328832030
,,,,616,NA1_4328574499
,,,,617,NA1_4328561811
,,,,618,NA1_4327968038
,,,,619,NA1_4327982831
,,,,620,NA1_4327868527
,,,,621,NA1_4327873839
,,,,622,NA1_4327829890
,,,,623,NA1_4327825523
,,,,624,NA1_4324368901
,,,,625,NA1_4324344514
,,,,626,NA1_4323871778
,,,,627,NA1_4323880703
,,,,628,NA1_4323379210
,,,,629,NA1_4321123402
,,,,630,NA1_4321065009
,,,,631,NA1_4321081150
,,,,632,NA1_4320170896
,,,,633,NA1_4320097694
,,,,634,NA1_4320133348
,,,,635,NA1_4317770504
,,,,636,NA1_4317725332
,,,,637,NA1_4317682288
,,,,638,NA1_4317608551
,,,,639,NA1_4317449777
,,,,640,NA1_4317406032
,,,,641,NA1_4314542781
,,,,642,NA1_4314508035
,,,,643,NA1_4313433931
,,,,644,NA1_4313428763
,,,,645,NA1_4313313365
,,,,646,NA1_4311345669
,,,,647,NA1_4311311762
,,,,648,NA1_4311287536
,,,,649,NA1_4310977333
,,,,650,NA1_4310529049
,,,,651,NA1_4310525381
,,,,652,NA1_4310468619
,,,,653,NA1_4310376139
,,,,654,NA1_4309285737
,,,,655,NA1_4309310702
,,,,656,NA1_4309115092
,,,,657,NA1_4309110155
,,,,658,NA1_4308561958
,,,,659,NA1_4308560354
,,,,660,NA1_4307469100
,,,,661,NA1_4306749405
,,,,662,NA1_4306727095
,,,,663,NA1_4306741151
,,,,664,NA1_4305516509
,,,,665,NA1_4303406226
,,,,666,NA1_4302589459
,,,,667,NA1_4302445965
,,,,668,NA1_4301428985
,,,,669,NA1_4301461766
,,,,670,NA1_4301276746
,,,,671,NA1_4301235960
,,,,672,NA1_4300989729
,,,,673,NA1_4299388434
,,,,674,NA1_4299338233
,,,,675,NA1_4299355039
,,,,676,NA1_4299341827
,,,,677,NA1_4299279573
,,,,678,NA1_4297667700
,,,,679,NA1_4297550401
,,,,680,NA1_4296630680
,,,,681,NA1_4295765337
,,,,682,NA1_4295753093
,,,,683,NA1_4295709254
,,,,684,NA1_4295599191
,,,,685,NA1_4292908049
,,,,686,NA1_4292932372
,,,,687,NA1_4292390515
,,,,688,NA1_4292298189
,,,,689,NA1_4291602601
,,,,690,NA1_4288502069
,,,,691,NA1_4288477870
,,,,692,NA1_4288369596
,,,,693,NA1_4288377057
,,,,694,NA1_4287409842
,,,,695,NA1_4287209553
,,,,696,NA1_4287198313
,,,,697,NA1_4283358174
,,,,698,NA1_4283325150
,,,,699,NA1_4283361259
,,,,700,NA1_4282520132
,,,,701,NA1_4282427674
,,,,702,NA1_4268059139
,,,,703,NA1_4263201265
,,,,704,NA1_4262138070
,,,,705,NA1_4262077541
,,,,706,NA1_4262094892
,,,,707,NA1_4262061773
,,,,708,NA1_4261279746
,,,,709,NA1_4261263784
,,,,710,NA1_4261103424
,,,,711,NA1_4260371170
,,,,712,NA1_4260259443
,,,,713,NA1_4260232386
,,,,714,NA1_4260175127
,,,,715,NA1_4260192567
,,,,716,NA1_4259965166
,,,,717,NA1_4259963080
,,,,718,NA1_4258461903
,,,,719,NA1_4258389193
,,,,720,NA1_4258384132
,,,,721,NA1_4258399861
,,,,722,NA1_4258235285
,,,,723,NA1_4258232438
,,,,724,NA1_4258230869
,,,,725,NA1_4256396163
,,,,726,NA1_4256374030
,,,,727,NA1_4256362351
,,,,728,NA1_4256288412
,,,,729,NA1_4256294634
,,,,730,NA1_4256271268
,,,,731,NA1_4256230109
,,,,732,NA1_4255243999
,,,,733,NA1_4254918581
,,,,734,NA1_4254925099
,,,,735,NA1_4254921691
,,,,736,NA1_4254859174
,,,,737,NA1_4254864339
,,,,738,NA1_4254719390
,,,,739,NA1_4254664554
,,,,740,NA1_4254545066
,,,,741,NA1_4253604195
,,,,742,NA1_4253600703
,,,,743,NA1_4253520231
,,,,744,NA1_4253289216
,,,,745,NA1_4252356507
,,,,746,NA1_4251969804
,,,,747,NA1_4251902264
,,,,748,NA1_4251532914
,,,,749,NA1_4251530047
,,,,750,NA1_4251519996
,,,,751,NA1_4251436940
,,,,752,NA1_4251377293
,,,,753,NA1_4251281532
,,,,754,NA1_4249864496
,,,,755,NA1_4249850408
,,,,756,NA1_4249816178
,,,,757,NA1_4249812452
,,,,758,NA1_4249769045
,,,,759,NA1_4248992830
,,,,760,NA1_4248920053
,,,,761,NA1_4248875082
,,,,762,NA1_4248785165
,,,,763,NA1_4248427504
,,,,764,NA1_4247963162
,,,,765,NA1_4247938721
,,,,766,NA1_4247925897
,,,,767,NA1_4247922569
,,,,768,NA1_4247152670
,,,,769,NA1_4247149907
,,,,770,NA1_4247036459
,,,,771,NA1_4247024158
,,,,772,NA1_4246292885
,,,,773,NA1_4246149560
,,,,774,NA1_4246107497
,,,,775,NA1_4246021056
,,,,776,NA1_4245968847
,,,,777,NA1_4245973538
,,,,778,NA1_4245970224
,,,,779,NA1_4245887868
,,,,780,NA1_4245791080
,,,,781,NA1_4245687657
,,,,782,NA1_4245636996
,,,,783,NA1_4245682515
,,,,784,NA1_4244727481
,,,,785,NA1_4244745297
,,,,786,NA1_4243287185
,,,,787,NA1_4243279752
,,,,788,NA1_4242383207
,,,,789,NA1_4242309024
,,,,790,NA1_4242285431
,,,,791,NA1_4241533832
,,,,792,NA1_4241511060
,,,,793,NA1_4241204568
,,,,794,NA1_4240442373
,,,,795,NA1_4240288431
,,,,796,NA1_4240266858
,,,,797,NA1_4240283095
,,,,798,NA1_4239645082
,,,,799,NA1_4239611353
,,,,800,NA1_4239559393
,,,,801,NA1_4236635987
,,,,802,NA1_4236661686
,,,,803,NA1_4236617411
,,,,804,NA1_4235792753
,,,,805,NA1_4234729301
,,,,806,NA1_4234734211
,,,,807,NA1_4234721237
,,,,808,NA1_4234697676
,,,,809,NA1_4234604274
,,,,810,NA1_4233952960
,,,,811,NA1_4233917781
,,,,812,NA1_4233885301
,,,,813,NA1_4232688295
,,,,814,NA1_4232703436
,,,,815,NA1_4232602851
,,,,816,NA1_4232559332
,,,,817,NA1_4232502691
,,,,818,NA1_4232439711
,,,,819,NA1_4232424945
,,,,820,NA1_4230828915
,,,,821,NA1_4230805555
,,,,822,NA1_4230789824
,,,,823,NA1_4230586698
,,,,824,NA1_4230384072
,,,,825,NA1_4228232727
,,,,826,NA1_4228168967
,,,,827,NA1_4227332464
,,,,828,NA1_4226126917
,,,,829,NA1_4226082111
,,,,830,NA1_4226026945
,,,,831,NA1_4226032555
,,,,832,NA1_4225793946
,,,,833,NA1_4225779735
,,,,834,NA1_4225774664
,,,,835,NA1_4224997903
,,,,836,NA1_4224964302
,,,,837,NA1_4224907053
,,,,838,NA1_4222322508
,,,,839,NA1_4222278063
,,,,840,NA1_4220911194
,,,,841,NA1_4220897952
,,,,842,NA1_4220844528
,,,,843,NA1_4220766903
,,,,844,NA1_4219907198
,,,,845,NA1_4219893008
,,,,846,NA1_4219828113
,,,,847,NA1_4219825445
,,,,848,NA1_4219822123
,,,,849,NA1_4219746966
,,,,850,NA1_4218708591
,,,,851,NA1_4218704469
,,,,852,NA1_4218657603
,,,,853,NA1_4218653839
,,,,854,NA1_4218669746
,,,,855,NA1_4217995878
,,,,856,NA1_4216278540
,,,,857,NA1_4216276923
,,,,858,NA1_4215651770
,,,,859,NA1_4215556901
,,,,860,NA1_4215320506
,,,,861,NA1_4214674547
,,,,862,NA1_4214641959
,,,,863,NA1_4214462912
,,,,864,NA1_4214430770
,,,,865,NA1_4211398400
,,,,866,NA1_4211281943
,,,,867,NA1_4210206439
,,,,868,NA1_4209252165
,,,,869,NA1_4209177034
,,,,870,NA1_4208452400
,,,,871,NA1_4208421253
,,,,872,NA1_4206215363
,,,,873,NA1_4206222233
,,,,874,NA1_4206199833
,,,,875,NA1_4204106935
,,,,876,NA1_4204142513
,,,,877,NA1_4202383315
,,,,878,NA1_4202318815
,,,,879,NA1_4202321661
,,,,880,NA1_4202044289
,,,,881,NA1_4202019694
,,,,882,NA1_4201306323
,,,,883,NA1_4201258409
,,,,884,NA1_4200026769
,,,,885,NA1_4199962551
,,,,886,NA1_4199879689
,,,,887,NA1_4199874710
,,,,888,NA1_4199800573
,,,,889,NA1_4199636669
,,,,890,NA1_4197330189
,,,,891,NA1_4197304296
,,,,892,NA1_4197237606
,,,,893,NA1_4195838844
,,,,894,NA1_4195802005
,,,,895,NA1_4195756004
,,,,896,NA1_4195677657
,,,,897,NA1_4192883060
,,,,898,NA1_4192875899
,,,,899,NA1_4191847072
,,,,900,NA1_4191813268
,,,,901,NA1_4191767501
,,,,902,NA1_4190559302
,,,,903,NA1_4190496177
,,,,904,NA1_4190462313
,,,,905,NA1_4190291835
,,,,906,NA1_4190247840
,,,,907,NA1_4188390121
,,,,908,NA1_4188357804
,,,,909,NA1_4186241842
,,,,910,NA1_4186178086
,,,,911,NA1_4186172397
,,,,912,NA1_4186146839
,,,,913,NA1_4186151829
,,,,914,NA1_4183394884
,,,,915,NA1_4183358352
,,,,916,NA1_4183362191
,,,,917,NA1_4182395039
,,,,918,NA1_4182351406
,,,,919,NA1_4182265849
,,,,920,NA1_4182101251
,,,,921,NA1_4182000829
,,,,922,NA1_4180760555
,,,,923,NA1_4180753902
,,,,924,NA1_4180547402
,,,,925,NA1_4180524546
,,,,926,NA1_4180388041
,,,,927,NA1_4180361778
,,,,928,NA1_4180308682
,,,,929,NA1_4179395405
,,,,930,NA1_4179333238
,,,,931,NA1_4179210479
,,,,932,NA1_4177778445
,,,,933,NA1_4177775899
,,,,934,NA1_4177291863
,,,,935,NA1_4176823033
,,,,936,NA1_4176757367
,,,,937,NA1_4176717762
,,,,938,NA1_4176662431
,,,,939,NA1_4176556185
,,,,940,NA1_4175586967
,,,,941,NA1_4175630748
,,,,942,NA1_4175524466
,,,,943,NA1_4175426002
,,,,944,NA1_4175278280
,,,,945,NA1_4171597639
,,,,946,NA1_4171582888
,,,,947,NA1_4169472234
,,,,948,NA1_4169417589
,,,,949,NA1_4168671315
,,,,950,NA1_4168564140
,,,,951,NA1_4168529532
,,,,952,NA1_4167064693
,,,,953,NA1_4166066086
,,,,954,NA1_4166027173
,,,,955,NA1_4164518434
,,,,956,NA1_4164499115
,,,,957,NA1_4163484188
,,,,958,NA1_4163439004
,,,,959,NA1_4163425795
,,,,960,NA1_4163441482
,,,,961,NA1_4162562818
,,,,962,NA1_4162534806
,,,,963,NA1_4162439544
,,,,964,NA1_4162490402
,,,,965,NA1_4162412146
,,,,966,NA1_4162336375
,,,,967,NA1_4161578098
,,,,968,NA1_4161055621
,,,,969,NA1_4150690883
,,,,970,NA1_4150654210
,,,,971,NA1_4150586760
,,,,972,NA1_4150452719
,,,,973,NA1_4149420448
,,,,974,NA1_4149345004
,,,,975,NA1_4149331411
,,,,976,NA1_4148191686
,,,,977,NA1_4148115276
,,,,978,NA1_4148110496
,,,,979,NA1_4148065648
,,,,980,NA1_4147057866
,,,,981,NA1_4147033311
,,,,982,NA1_4146968851
,,,,983,NA1_4146918974
,,,,984,NA1_4146915376
,,,,985,NA1_4145875961
,,,,986,NA1_4144715409
,,,,987,NA1_4144692014
,,,,988,NA1_4144646981
,,,,989,NA1_4144681400
